{"cameraMode":{"drawMode":0,"name":"Shaded","section":"Shading Mode"},"sceneLighting":true,"audioPlay":false,"sceneViewState":{"m_AlwaysRefresh":false,"showFog":true,"showSkybox":false,"showFlares":true,"showImageEffects":true,"showParticleSystems":true,"showVisualEffectGraphs":true,"m_FxEnabled":true},"in2DMode":false,"pivot":{"x":-1.3030269145965577,"y":0.651513397693634,"z":0.00012514287664089352},"rotation":{"x":0.1624598354101181,"y":0.6881909966468811,"z":-0.1624598652124405,"w":0.6881909966468811},"size":0.36899900436401369,"orthographic":false}