{"cameraMode":{"drawMode":0,"name":"Shaded","section":"Shading Mode"},"sceneLighting":false,"audioPlay":false,"sceneViewState":{"m_AlwaysRefresh":false,"showFog":true,"showSkybox":false,"showFlares":true,"showImageEffects":true,"showParticleSystems":true,"showVisualEffectGraphs":true,"m_FxEnabled":true},"in2DMode":false,"pivot":{"x":0.4765913486480713,"y":0.06742197275161743,"z":-0.0031873583793640138},"rotation":{"x":0.1624598354101181,"y":0.6881909966468811,"z":-0.1624598652124405,"w":0.6881909966468811},"size":1.6828323602676392,"orthographic":false}